,NCT_ID,arm_title,sub_title,category,serious_or_other,affected,at_risk,events,ratio,edge_type,matched_group,similarity
393743,NCT01010061,Obinutuzumab + Chlorambucil (GClb),Pleural effusion,"Respiratory, thoracic and mediastinal disorders",serious,2.0,241.0,2.0,2/.241,has_ae,Obinutuzumab + Chlorambucil (GClb),
86810,NCT01180049,TEMSR 175/75 mg,Pneumonitis,"Respiratory, thoracic and mediastinal disorders",serious,1.0,53.0,1.0,1/.53,has_ae,TEMSR 175/75 mg,
108641,NCT00379769,MET in Addition to Background SU,Arteriosclerotic Gangrene,Infections and infestations,serious,1.0,1122.0,1.0,1/.1122,has_ae,Combined MET/SU,0.9015809893608093
43296,NCT02747004,150mg Abemaciclib + 20mg Tamoxifen,Pneumonia,Infections and infestations,serious,1.0,78.0,1.0,1/.78,has_ae,150mg Abemaciclib + 20mg Tamoxifen,
601266,NCT03292432,Standard of Care (SOC),Esophageal candidiasis and pelvic inflammatory disease,Infections and infestations,serious,1.0,45.0,1.0,1/.45,has_ae,Standard of Care (SOC),
246148,NCT01399593,Eculizumab,Pyelonephritis,Infections and infestations,serious,4.0,51.0,4.0,4/.51,has_ae,Eculizumab,
685540,NCT00705016,Cilengitide 2000 mg Once Weekly+Cetuximab+5-FU+Cisplatin,Dyspnoea,"Respiratory, thoracic and mediastinal disorders",serious,2.0,61.0,2.0,2/.61,has_ae,Cilengitide 2000 mg Once Weekly+Cetuximab+5-FU+Cisplatin,
788621,NCT02412735,Rexlemestrocel-L,Diverticulitis,Infections and infestations,serious,1.0,140.0,1.0,1/.140,has_ae,Rexlemestrocel-L,
428322,NCT01302067,Fesoterodine 8 mg,Pulmonary embolism,"Respiratory, thoracic and mediastinal disorders",serious,1.0,779.0,1.0,1/.779,has_ae,Fesoterodine 8 mg,
2652,NCT01672879,Blinded Phase: Placebo,Pancreatitis acute,Gastrointestinal disorders,serious,1.0,85.0,1.0,1/.85,has_ae,Blinded Phase: Placebo,
