,NCT_ID,study_type,completion_year,trial_phase,enrollment_num,allocation,Countries,funder_name,funder_type,condition_mesh,intervention_mesh,condition,age,all_inters,intervention_type,intervention,comparator,comparator_type,outcome_id,info,groups,outcome_type,outcome_title,p_value,method,method_desc,ci_percent,ci_n_sides,ci_lower_limit,ci_upper_limit,param_type,param_value,split_p,p_split,significance,ci_lower_limit_clean,ci_upper_limit_clean,mesh_terms_mti,mapped_mesh_terms,tree_level_0,intervention_dict,comparator_dict,intervention_group,intervention_value,intervention_similarity,comparator_group,comparator_value,comparator_similarity,three_digit_mesh
202858,NCT00669409,Interventional,2009.0,Phase 2,83.0,Randomized,['Japan'],['Pfizer'],['Industry'],"['Osteoarthritis', 'Osteoarthritis, Knee']",['Tanezumab'],"['Osteoarthritis, Knee']","['35 Years', '75 Years']","['PF-04383119 (tanezumab)', 'PF-04383119 (tanezumab)', 'PF-04383119 (tanezumab)', 'PF-04383119 (tanezumab)', 'PF-04383119 (tanezumab)', 'PF-04383119 (tanezumab)']","['Drug', 'Drug', 'Drug', 'Drug', 'Drug']","['PF-04383119 (tanezumab)', 'PF-04383119 (tanezumab)', 'PF-04383119 (tanezumab)', 'PF-04383119 (tanezumab)', 'PF-04383119 (tanezumab)']",['PF-04383119 (tanezumab)'],['Drug'],29,analysis_info,"['Tanezumab 25 mcg/kg', 'Placebo']",Primary,Change From Baseline in Visual Analogue Scale (VAS) Score For Index Knee Pain in the Past 24 Hours at Week 6,nan,,,95.0,2-Sided,-37.9,-5.2,least square mean difference,-21.5,,,positive,-37.9,-5.2,"['Visual Analog Scale', 'Knee Joint']","['E', 'A']","['E', 'A']","[{'PF-04383119 (tanezumab)': 'Drug'}, {'PF-04383119 (tanezumab)': 'Drug'}, {'PF-04383119 (tanezumab)': 'Drug'}, {'PF-04383119 (tanezumab)': 'Drug'}, {'PF-04383119 (tanezumab)': 'Drug'}]",[{'PF-04383119 (tanezumab)': 'Drug'}],Tanezumab 25 mcg/kg,Drug,0.8665079865901353,Tanezumab 25 mcg/kg,Drug,0.8665079865901353,"['E01', 'A02']"
154043,NCT02095145,Interventional,2019.0,Phase 2,38.0,Randomized,['United States'],['National Cancer Institute (NCI)'],['NIH'],['Prostatic Neoplasms'],[],"['PSA Level Less Than or Equal to Fifteen', 'PSA Level Less Than Ten', 'Stage I Prostate Cancer AJCC v7', 'Stage II Prostate Cancer AJCC v7', 'Stage IIA Prostate Cancer AJCC v7', 'Stage IIB Prostate Cancer AJCC v7']","['21 Years', 'N/A']","['Laboratory Biomarker Analysis', 'Pharmacological Study', 'Placebo', 'Pomegranate-Extract Pill']","['Other', 'Other', 'Drug']","['Laboratory Biomarker Analysis', 'Pharmacological Study', 'Pomegranate-Extract Pill']",['Placebo'],['Other'],15,analysis_info,"['Group I (Pomegranate-extract Pill)', 'Group II (Placebo)']",Secondary,Change in Tissue Biomarker Levels: 8OHdG,0.066,Wilcoxon rank-sum test,,,,,,,,,,negative,,,"[""8-Hydroxy-2'-Deoxyguanosine"", 'Biomarkers']",['D'],['D'],"[{'Laboratory Biomarker Analysis': 'Other'}, {'Pharmacological Study': 'Other'}, {'Pomegranate-Extract Pill': 'Drug'}]",[{'Placebo': 'Other'}],Group I (Pomegranate-extract Pill),Drug,0.9194114081005483,Group II (Placebo),Other,0.8545264346729716,"['D23', 'D13', 'D03']"
118866,NCT00880048,Interventional,2010.0,Phase 2,343.0,Randomized,"['Canada', 'United States']",['GlaxoSmithKline'],['Industry'],"['Depressive Disorder', 'Depression', 'Depressive Disorder, Major']",[],['Depressive Disorder'],"['18 Years', '64 Years']","['orvepitant', 'Placebo']",['Drug'],['orvepitant'],['Placebo'],['Other'],10,analysis_info,"['Placebo', 'GW823296 30 mg']",Secondary,"Change From Baseline in Morning Sleep Questionnaire (MSQ) Total Sleep Time, Sleep Onset Latency and Wake Time After Sleep Onset",0.8794,Mixed Models Repeated Measures,,95.0,2-Sided,-26.1,30.46,Mean Difference (Net),2.18,,,negative,,,"['Sleep Duration', 'Sleep Latency', 'Sleep']","['G', 'F']","['G', 'F']",[{'orvepitant': 'Drug'}],[{'Placebo': 'Other'}],Placebo,Drug,0.758464560842472,Placebo,Other,0.9124444489955835,"['F02', 'G11']"
9721,NCT00788593,Interventional,2009.0,Phase 3,82.0,Randomized,"['Italy', 'Ukraine', 'United States']",['Forest Laboratories'],['Industry'],"['Pancreatitis', 'Pancreatitis, Chronic', 'Exocrine Pancreatic Insufficiency']","['Pancreatin', 'Pancrelipase']","['Chronic Pancreatitis', 'Exocrine Pancreatic Insufficiency']","['18 Years', 'N/A']","['Placebo', 'EUR-1008 (APT-1008) High Dose', 'EUR-1008 (APT-1008) Low Dose']","['Drug', 'Drug']","['EUR-1008 (APT-1008) High Dose', 'EUR-1008 (APT-1008) Low Dose']",['Placebo'],['Drug'],2,analysis_info,"['Placebo Baseline', 'EUR-1008 (APT-1008) High Dose']",Secondary,Change From Placebo Baseline in Percent Coefficient of Fat Absorption (CFA) in High Dose EUR-1008 and Low Dose EUR-1008 During Hospital Treatment,<0.001,"t-test, 2 sided",,,,,,,,0.001,,positive,,,['Hospitals'],['N'],['N'],"[{'EUR-1008 (APT-1008) High Dose': 'Drug'}, {'EUR-1008 (APT-1008) Low Dose': 'Drug'}]",[{'Placebo': 'Drug'}],EUR-1008 (APT-1008) High Dose,Drug,0.9999999999999692,Placebo Baseline,Drug,0.8381119230142214,['N02']
177683,NCT02975336,Interventional,2020.0,Phase 2,469.0,Randomized,['Argentina'],"['EMD Serono Research & Development Institute, Inc.', 'Merck KGaA, Darmstadt, Germany']","['Industry', 'Industry']","['Lupus Erythematosus, Systemic']",[],['Systemic Lupus Erythematosus'],"['18 Years', '75 Years']","['Placebo', 'M2951', 'M2951', 'M2951', 'M2951']","['Drug', 'Drug', 'Drug', 'Drug']","['M2951', 'M2951', 'M2951', 'M2951']",['Placebo'],['Drug'],31,analysis_info,"['DBPC Period: Placebo', 'DBPC Period: M2951 25 mg QD']",Secondary,DBPC Period: Number of Participants With Response Based on Systemic Lupus Erythematosus Responder Index 4 (SRI-4) at Week 52 in Serologically Active (SA) Subgroup,0.5462,"Regression, Logistic",,95.0,2-Sided,0.74,3.15,Odds Ratio (OR),1.52,,,negative,,,['Humans'],[],[],"[{'M2951': 'Drug'}, {'M2951': 'Drug'}, {'M2951': 'Drug'}, {'M2951': 'Drug'}]",[{'Placebo': 'Drug'}],DBPC Period: M2951 25 mg QD,Drug,0.8312659691717719,DBPC Period: Placebo,Drug,0.8329495909997178,['B01']
75489,NCT02730871,Interventional,2018.0,Phase 4,173.0,Randomized,['United States'],['Alcon Research'],['Industry'],"['Glaucoma, Open-Angle', 'Ocular Hypertension']","['Timolol', 'Brimonidine Tartrate', 'Travoprost', 'Brinzolamide']","['Open-angle Glaucoma', 'Ocular Hypertension']","['18 Years', 'N/A']","['Brinzolamide 1%/brimonidine tartrate 0.2% ophthalmic suspension', 'Brinzolamide/brimonidine vehicle', 'Travoprost 0.004%/timolol 0.5% solution']","['Drug', 'Drug']","['Brinzolamide 1%/brimonidine tartrate 0.2% ophthalmic suspension', 'Travoprost 0.004%/timolol 0.5% solution']",['Brinzolamide/brimonidine vehicle'],['Drug'],4,analysis_info,"['Simbrinza + Duotrav', 'Vehicle + Duotrav']",Secondary,"Mean Change From Baseline in IOP (09:00, 11:00) at Week 6",0.022,Repeated measures model,,95.0,2-Sided,-2.5,-0.2,Mean Difference (Final Values),-1.33,,,positive,,,,[],[],"[{'Brinzolamide 1%/brimonidine tartrate 0.2% ophthalmic suspension': 'Drug'}, {'Travoprost 0.004%/timolol 0.5% solution': 'Drug'}]",[{'Brinzolamide/brimonidine vehicle': 'Drug'}],Simbrinza + Duotrav,Drug,0.8133716230124214,Vehicle + Duotrav,Drug,0.8256920099922853,
9701,NCT00784550,Interventional,2009.0,Phase 4,342.0,Randomized,['United States'],['GlaxoSmithKline'],['Industry'],"['Lung Diseases', 'Lung Diseases, Obstructive', 'Pulmonary Disease, Chronic Obstructive']","['Fluticasone', 'Xhance', 'Bromides', 'Tiotropium Bromide', 'Salmeterol Xinafoate']","['Pulmonary Disease, Chronic Obstructive']","['40 Years', '99 Years']","['Tiotropium Bromide', 'Fluticasone Propionate/Salmeterol']",['Drug'],['Fluticasone Propionate/Salmeterol'],['Tiotropium Bromide'],['Drug'],1,analysis_info,"['FSC + Tio', 'Tiotropium']",Primary,"Mean Change From Baseline in AM (Morning, Approximately 6-9 AM) Pre-dose Forced Expiratory Volume in One Second (FEV1) at Endpoint",<0.001,ANCOVA,,,,,,,,0.001,,positive,,,['Forced Expiratory Volume'],"['G', 'E']","['G', 'E']",[{'Fluticasone Propionate/Salmeterol': 'Drug'}],[{'Tiotropium Bromide': 'Drug'}],Tiotropium,Drug,0.8287553872849653,Tiotropium,Drug,0.9181411253238637,"['G09', 'E01']"
19920,NCT01473524,Interventional,2018.0,Phase 3,217.0,Randomized,"['Australia', 'Austria', 'Belgium', 'Canada', 'France', 'Germany', 'Italy', 'Netherlands', 'Poland', 'Spain', 'Sweden', 'United Kingdom', 'United States']",['Intercept Pharmaceuticals'],['Industry'],"['Liver Cirrhosis', 'Liver Cirrhosis, Biliary', 'Fibrosis']",['Chenodeoxycholic Acid'],['Primary Biliary Cirrhosis'],"['18 Years', 'N/A']","['Obeticholic Acid (OCA)', 'Placebo']",['Drug'],['Obeticholic Acid (OCA)'],['Placebo'],['Drug'],8,analysis_info,"['DB OCA 5-10 mg', 'DB Placebo']",Secondary,DB Phase: Direct Bilirubin Absolute Change From Baseline To Month 12,<0.0001,ANCOVA,ANCOVA model with baseline value as a covariate and fixed effects for treatment and randomization strata factor.,,,,,,,0.0001,,positive,,,,[],[],[{'Obeticholic Acid (OCA)': 'Drug'}],[{'Placebo': 'Drug'}],DB OCA 5-10 mg,Drug,0.8456711728843576,DB Placebo,Drug,0.8772109321083048,
197503,NCT04617275,Interventional,2021.0,Phase 2,151.0,Randomized,['United States'],['Pfizer'],['Industry'],['Diabetes Mellitus'],[],"['Diabetes', 'Obesity']","['18 Years', '75 Years']","['PF-06882961', 'Placebo']",['Drug'],['PF-06882961'],['Placebo'],['Other'],13,analysis_info,"['Placebo (T2DM)', 'PF-06882961 80 mg BID Low, Slow (T2DM)']",Secondary,CFB in Glycolated Hemoglobin A1c (HbA1c) at Week 2,0.2485,Mixed Models Analysis,MMRM,90.0,2-Sided,-0.31,0.13,Mean Difference (Final Values),-0.09,,,negative,,,"['Glycated Hemoglobin', 'glycolic acid', 'Glycolates']",['D'],['D'],[{'PF-06882961': 'Drug'}],[{'Placebo': 'Other'}],"PF-06882961 80 mg BID Low, Slow (T2DM)",Drug,0.8639629353876552,Placebo (T2DM),Other,0.8186752715826916,['D02']
106672,NCT00546637,Interventional,2009.0,Phase 3,947.0,Randomized,"['Belgium', 'Brazil', 'Canada', 'Colombia', 'Germany', 'Greece', 'India', 'Korea, Republic of', 'Malaysia', 'Netherlands', 'Norway', 'Philippines', 'Poland', 'Singapore', 'Slovakia', 'Spain', 'Sweden', 'Thailand', 'United States']",['Pfizer'],['Industry'],"['Urinary Bladder, Overactive']",['Fesoterodine'],['Overactive Bladder Syndrome'],"['40 Years', 'N/A']","['Fesoterodine', 'Placebo']",['Drug'],['Fesoterodine'],['Placebo'],['Drug'],29,analysis_info,"['Fesoterodine 4mg or 8mg', 'Placebo']",Secondary,Change From Baseline in Score of Each Health Related Quality of Life (HRQL) Domain of OAB-q at Week 4 and 12 (OAB-q Sleep Domain),0.0662,ANCOVA,,95.0,,-0.2,4.6,Mean Difference (Net),2.2,,,negative,,,['Quality of Life'],"['I', 'N', 'K']","['I', 'N', 'K']",[{'Fesoterodine': 'Drug'}],[{'Placebo': 'Drug'}],Fesoterodine 4mg or 8mg,Drug,0.8471169525911011,Placebo,Drug,0.8864003520101673,"['I01', 'K01', 'N06']"
